word	idx	context	definition	domain	hypernym
portmanteau	8	` brunch ' is a well - known portmanteau	a new word formed by joining two others and combining their meanings	11	['neologism', 'neology', 'coinage']
fundus	1	the fundus of the stomach	(anatomy) the base of a hollow organ or that part of the organ farthest from its opening	11	['structure', 'anatomical_structure', 'complex_body_part', 'bodily_structure', 'body_structure']
occurrence	4	a disease of frequent occurrence	an instance of something occurring	11	['presence']
zero	10	In unary and k - adic notation in general , zero is the empty string .	a mathematical element that when added to another number yields the same number	11	['digit', 'figure']
dexterity	9	She twirled the knife through her fingers with impressive dexterity .	adroitness in using the hands	11	['adeptness', 'adroitness', 'deftness', 'facility', 'quickness']
assumption	2	the Nazi assumption of power in 1934	the act of taking possession of or power over something	11	['acquisition']
clime	4	plants from a cold clime travel best in winter	the weather in some location averaged over some long period of time	11	['environmental_condition']
defense	4	they died in the defense of Stalingrad	(military) military action or resources protecting a country against potential enemies	11	['military_action', 'action']
potluck	4	Here 's a good potluck of beans and stew .	whatever happens to be available especially when offered to an unexpected guest or when brought by guests and shared by all	11	['meal', 'repast']
adoxography	4	Elizabethan schoolboys were taught adoxography , the art of eruditely praising worthless things	fine writing in praise of trivial or base subjects	11	['writing', 'authorship', 'composition', 'penning']
peradventure	3	this proves beyond peradventure that he is innocent	doubt or uncertainty as to whether something is the case	11	['doubt', 'uncertainty', 'incertitude', 'dubiety', 'doubtfulness', 'dubiousness']
mark	4	he left an indelible mark on the American theater	the impression created by doing something unusual or extraordinary that people notice and remember	11	['impression', 'effect']
liberty	1	at liberty to choose whatever occupation one wishes	freedom of choice	11	['freedom']
making	1	the making of measurements	the act that results in something coming to be	11	['production']
manipulation	1	his manipulation of his friends was scandalous	exerting shrewd or devious influence especially for one's own advantage	11	['influence']
intention	1	The intention of this legislation is to boost the economy .	an anticipated outcome that is intended or that guides your planned actions	11	['goal', 'end']
brother	3	Thank you , brother . I would like to thank the brother who just spoke .	a male person who is a fellow member (of a fraternity or religion or other group)	11	['member', 'fellow_member']
socialization	1	Force socialization rarely creates strong friendships , but there are exceptions .	the act of meeting for social purposes	11	['meeting', 'coming_together']
dimple	4	The accident created a dimple in the hood of the car .	any slight depression in a surface	11	['depression', 'impression', 'imprint']
conclusion	1	the conclusion of the peace treaty	a final settlement	11	['settlement']
breeze	1	The breeze rustled the papers on her desk .	a slight wind (usually refreshing)	11	['wind', 'air_current', 'current_of_air']
middle	5	I woke up in the middle of the night .	an intermediate part or section; - Aristotle	11	['part', 'section', 'division']
redefinition	7	words like ` conservative ' require periodic redefinition	the act of giving a new definition	11	['definition']
rail	4	he was concerned with rail safety	short for railway	11	['railway', 'railroad', 'railroad_line', 'railway_line', 'railway_system']
hitter	2	a hard hitter	someone who hits	11	['mover']
ball	1	the ball at the base of the thumb	a more or less rounded anatomical body or mass	11	['structure', 'anatomical_structure', 'complex_body_part', 'bodily_structure', 'body_structure']
fatigue	1	growing fatigue was apparent from the decline in the execution of their athletic skills	temporary loss of strength and energy resulting from hard physical or mental work	11	['temporary_state']
herald	4	Rouge Dragon is a herald at the College of Arms .	(formal) a person who announces important news	11	['messenger', 'courier']
wish	4	it was his last wish	the particular preference that you have	11	['preference', 'druthers']
aptness	1	The aptness of men to follow example	a disposition to behave in a certain way	11	['disposition']
cooperation	1	economic cooperation	the practice of cooperating	11	['practice', 'pattern']
house	3	he counted the house	the audience gathered together in a theatre or cinema	11	['audience']
sight	4	he was a familiar sight on the television	anything that is seen	11	['display']
gauntlet	3	threw down the gauntlet	to offer or accept a challenge	11	['challenge']
metadata	3	Most websites contain metadata to tell the computer how to lay the words out on the screen .	data about data	11	['data', 'information']
bridge	6	her glasses left marks on the bridge of her nose	the hard ridge that forms the upper part of the nose	11	['structure', 'anatomical_structure', 'complex_body_part', 'bodily_structure', 'body_structure']
abuse	1	All abuse , whether physical , verbal , psychological or sexual , is bad .	cruel or inhumane treatment	11	['mistreatment']
brush	6	She gave her hair a quick brush .	the act of brushing your teeth	11	['dental_care']
laugh	3	thanks for the laugh	a humorous anecdote or remark intended to provoke laughter	11	['wit', 'humor', 'humour', 'witticism', 'wittiness']
move	3	It 's your move ! Roll the dice !	(game) a player's turn to take some action permitted by the rules of the game	11	['turn', 'play']
streak	1	a streak of wildness	a distinctive characteristic	11	['characteristic']
deed	3	he signed the deed	a legal document signed and sealed and delivered to effect a transfer of property and to show the legal right to possess it	11	['legal_document', 'legal_instrument', 'official_document', 'instrument']
escalation	4	higher wages caused an escalation of prices	an increase to counteract a perceived discrepancy	11	['increase', 'step-up']
blend	5	` smog ' is a blend of ` smoke ' and ` fog '	a new word formed by joining two others and combining their meanings	11	['neologism', 'neology', 'coinage']
fight	1	a fight broke out at the hockey game	the act of fighting; any contest or struggle	11	['conflict', 'struggle', 'battle']
license	2	the intolerable license with which the newspapers break ... the rules of decorum"- Edmund Burke	excessive freedom; lack of due restraint; - Will Durant; - Edmund Burke	11	['liberty']
bastion	2	the last bastion of communism	a group that defends a principle	11	['defense', 'defence', 'defense_force', 'defence_force']
bondage	5	he sought release from his bondage to Satan	the state of being under the control of a force or influence or abstract power; he sought release from his bondage to Satana self freed from the bondage of time"	11	['subjugation', 'subjection']
homogenization	1	the homogenization of cream	the act of making something homogeneous or uniform in composition	11	['blend', 'blending']
plume	1	a plume of smoke	anything that resembles a feather in shape or lightness	11	['shape', 'form']
work	7	the symphony was hailed as an ingenious work	a product produced or accomplished through the effort or activity or agency of a person or thing	11	['product', 'production']
demon	3	she 's a demon at math	someone extremely diligent or skillful	11	['actor', 'doer', 'worker']
bye	3	he had a bye in the first round	you advance to the next round in a tournament without playing an opponent	11	['concession', 'conceding', 'yielding']
affair	5	it is none of your affair	a vaguely specified concern	11	['concern']
capital	2	the drug capital of Columbia	a center that is associated more than any other with some activity or product	11	['center', 'centre']
longevity	2	had unusual longevity in the company	duration of service	11	['longness']
fuel	1	more fuel is needed during the winter months	a substance that can be consumed to produce energy	11	['substance']
torture	7	In every war there are acts of torture that cause the world to shudder .	the deliberate, systematic, or wanton infliction of physical or mental suffering by one or more persons in an attempt to force another person to yield information or to make a confession or for any other reason	11	['persecution']
grunt	3	he went from grunt to chairman in six years	an unskilled or low-ranking soldier or other worker	11	['unskilled_person']
tradecraft	13	the CIA chief of station accepted responsibility for his agents ' failures of tradecraft	skill acquired through experience in a trade; often used to discuss skill in espionage	11	['craft', 'craftsmanship', 'workmanship']
squeaker	4	which hinge is the squeaker ?	any artifact that makes a squeaking sound when used	11	['artifact', 'artefact']
wrong	4	Injustice is a heinous wrong .	that which is contrary to the principles of justice or law	11	['injustice', 'unjustness']
protest	6	the senator rose to register his protest	a formal and solemn declaration of objection	11	['objection']
scopolamine	1	transdermal scopolamine is used to treat motion sickness	an alkaloid with anticholinergic effects that is used as a sedative and to treat nausea and to dilate the pupils in ophthalmic procedures	11	['alkaloid']
bravura	3	in a final bravura the ballerina appeared to be floating in water	brilliant and showy technical skill	11	['virtuosity']
nowhere	4	he came out of nowhere	an insignificant place	11	['obscurity']
wise	2	in no wise	a way of doing or being	11	['manner', 'mode', 'style', 'way', 'fashion']
sort	4	she served a creamy sort of dessert thing	an approximate definition or example	11	['similarity']
explanation	1	the explanation was very simple	a statement that makes something comprehensible by describing the relevant structure or operation or circumstances etc.	11	['statement']
log	3	they kept a log of all transmission by the radio station	a written record of messages sent or received	11	['written_record', 'written_account']
gesture	2	a political gesture	something done as an indication of intention	11	['indication', 'indicant']
minister	1	The minister said a prayer on behalf of the entire congregation .	a person authorized to conduct religious worship	11	['clergyman', 'reverend', 'man_of_the_cloth']
pronunciation	4	that is the correct pronunciation	the way a word or a language is customarily spoken	11	['speech', 'speech_communication', 'spoken_communication', 'spoken_language', 'language', 'voice_communication', 'oral_communication']
revenge	4	Indifference is the sweetest revenge .	action taken in return for an injury or offense	11	['return', 'paying_back', 'getting_even']
minute	2	Wait a minute , I 'm not ready yet !	an indefinitely short time	11	['time']
pull	2	A zipper pull	a device used for pulling something	11	['device']
snorter	9	the storm was n't long but it was a snorter	something that is extraordinary or remarkable or prominent	11	['thing']
button	6	The politician wore a bright yellow button with the slogan " Vote Smart " emblazoned on it .	a round flat badge displaying information and suitable for pinning onto a garment	11	['badge']
probity	5	in a world where financial probity may not be widespread	complete and confirmed integrity; having strong moral principles	11	['integrity']
ash	4	The woods planted in ash will see a different mix of species .	strong elastic wood of any of various ash trees; used for furniture and tool handles and sporting goods such as baseball bats	11	['wood']
amount	1	the amount he had in cash was insufficient	a quantity of money	11	['assets']
whimsy	0	whimsy can be humorous to someone with time to enjoy it	an odd or fanciful or capricious idea	11	['idea', 'thought']
nightlife	4	in the summer the nightlife shifts to the dance clubs	the activity of people seeking nighttime diversion (as at the theater, a nightclub, etc.)	11	['diversion', 'recreation']
precaution	10	he put an ice pack on the injury as a precaution	a precautionary measure warding off impending danger or damage or injury etc.	11	['measure', 'step']
refresher	5	The nap was a welcome refresher .	a drink that refreshes	11	['beverage', 'drink', 'drinkable', 'potable']
invasion	1	an invasion of locusts	any entry into an area not previously occupied	11	['entrance', 'entering']
mechanism	1	a mechanism of social control	the technical aspects of doing something	11	['performance', 'execution', 'carrying_out', 'carrying_into_action']
usage	1	English usage	the customary manner in which a language (or a form of a language) is spoken or written	11	['language', 'linguistic_communication']
stream	3	he felt a stream of air	a steady flow of a fluid (usually from natural causes)	11	['flow', 'flowing']
preponderance	1	the preponderance of good over evil	superiority in power or influence	11	['power', 'powerfulness']
delta	2	the Nile delta	a low triangular area of alluvial deposits where a river divides before entering a larger body of water	11	['alluvial_sediment', 'alluvial_deposit', 'alluvium', 'alluvion']
recreation	1	for recreation he wrote poetry and solved crossword puzzles	an activity that diverts or amuses or stimulates	11	['activity']
falsity	9	The belief that the world is flat is a falsity .	the state of being false or untrue	11	['unreality', 'irreality']
collapse	1	the collapse of the old star under its own gravity	a natural event caused by something suddenly falling down or caving in	11	['happening', 'occurrence', 'occurrent', 'natural_event']
gig	3	they played a gig in New Jersey	a booking for musicians	11	['engagement', 'booking']
poster	3	I saw a poster for it on the side of a bus .	a sign posted in a public place as an advertisement	11	['sign']
rank	7	the strike was supported by the union rank and file	the ordinary members of an organization (such as the enlisted soldiers of an army)	11	['force', 'personnel']
rehearsal	1	a rehearsal will be held the day before the wedding	a practice session in preparation for a public performance (as of a play or speech or concert)	11	['exercise', 'practice', 'drill', 'practice_session', 'recitation']
pay	3	he wasted his pay on drink	something that remunerates	11	['regular_payment']
continent	5	pioneers had to cross the continent on foot	one of the large landmasses of the earth	11	['landmass', 'land_mass']
corner	5	he tripled to the rightfield corner	a place off to the side of an area	11	['area', 'country']
home	11	Canadian tariffs enabled United States lumber companies to raise prices at home	the country or state or city where you live	11	['location']
wateriness	1	the wateriness of his blood	meagerness or poorness connoted by a superfluity of water (in a literary style as well as in a food)	11	['meagerness', 'meagreness', 'leanness', 'poorness', 'scantiness', 'scantness', 'exiguity']
finish	8	my horse was several lengths behind at the finish	designated event that concludes a contest (especially a race)	11	['happening', 'occurrence', 'occurrent', 'natural_event']
urgency	7	they departed hurriedly because of some great urgency in their affairs	an urgent situation calling for prompt action	11	['situation']
curd	1	bean curd	a coagulated liquid resembling milk curd	11	['foodstuff', 'food_product']
jockey	4	he 's a truck jockey	an operator of some vehicle or machine or apparatus	11	['operator', 'manipulator']
cup	3	he put the cup back in the saucer	a small open container usually used for drinking; usually has a handle	11	['container']
wine	3	She ordered some wine for the meal .	fermented juice (of grapes especially)	11	['alcohol', 'alcoholic_drink', 'alcoholic_beverage', 'intoxicant', 'inebriant']
bane	1	The bane of my existence	something causing misery or death	11	['affliction']
forwarding	1	the forwarding of resumes to the personnel department	the act of sending on to another destination	11	['transmission', 'transmittal', 'transmitting']
charge	3	the wrestler 's charge carried him past his adversary	an impetuous rush toward someone or something	11	['attack', 'onslaught', 'onset', 'onrush']
opinion	2	In my opinion , white chocolate is better than milk chocolate .	a personal belief or judgment that is not founded on proof or certainty	11	['belief']
remover	1	rust remover	a solvent that removes a substance (usually from a surface)	11	['solvent', 'dissolvent', 'dissolver', 'dissolving_agent', 'resolvent']
obstacle	5	lack of imagination is an obstacle to one 's advancement	something immaterial that stands in the way and must be circumvented or surmounted	11	['hindrance', 'hinderance', 'deterrent', 'impediment', 'balk', 'baulk', 'check', 'handicap']
toast	2	All toasters toast toast .	slices of bread that have been toasted	11	['bread', 'breadstuff', 'staff_of_life']
upgrade	6	the power plant received a new upgrade	the act of improving something (especially machinery) by raising it to a higher grade (as by adding or replacing components)	11	['improvement']
finger	14	Human hands have five fingers : the thumb , the forefinger ( or index finger ) , the middle finger , the ring finger and the little finger .	any of the terminal members of the hand (sometimes excepting the thumb)	11	['digit', 'dactyl']
daughter	13	I already have a son , so I would like to have a daughter .	a female human offspring	11	['female_offspring']
cognate	3	English is a cognate of Greek , German , Russian and Persian .	a word is cognate with another if both derive from the same word in an ancestral language	11	['word']
adhocracy	8	the need for informational flexibility can lead to adhocracy	an organization with little or no structure	11	['organization', 'organisation']
glow	1	a glow of regret	a feeling of considerable warmth	11	['feeling']
chore	4	Washing dishes is a chore , but we can not just stop eating .	a specific piece of work required to be done as a duty or for a specific fee	11	['duty']
mince	1	a mince of mushrooms	food chopped into small bits	11	['nutriment', 'nourishment', 'nutrition', 'sustenance', 'aliment', 'alimentation', 'victuals']
recrudescence	1	a recrudescence of racism	a return of something after a period of abatement	11	['outbreak', 'eruption', 'irruption']
excuse	5	That thing is a poor excuse for a gingerbread man . Has n't anyone taught you how to bake ?	a poor example	11	['example', 'illustration', 'instance', 'representative']
marriage	1	a marriage of ideas	a close and intimate union	11	['union', 'unification']
circumference	8	a danger to all races over the whole circumference of the globe	the boundary line encompassing an area or object	11	['boundary_line', 'border', 'borderline', 'delimitation', 'mete']
straggle	1	a straggle of followers	a wandering or disorderly grouping (of things or persons)	11	['group', 'grouping']
extension	7	the dancer was praised for her uncanny extension	the ability to raise the working leg high in the air	11	['dance']
invasion	1	An invasion of bees	any entry into an area not previously occupied	11	['entrance', 'entering']
body	2	the whole body filed out of the auditorium	a group of persons associated by some common tie or occupation and regarded as an entity	11	['social_group']
dignity	4	it was beneath his dignity to cheat	the quality of being worthy of esteem or respect	11	['pride', 'pridefulness']
mate	4	He 's my best mate .	informal term for a friend of the same sex	11	['friend']
cuisine	7	The restaurant is noted for its excellent cuisine .	the practice or manner of preparing food or the food so prepared	11	['cooking', 'cookery', 'preparation']
dad	5	He had n't seen his dad in years .	an informal term for a father; probably derived from baby talk	11	['father', 'male_parent', 'begetter']
story	4	The book tells the story of two roommates .	a message that tells the particulars of an act or occurrence or course of events; presented in writing or drama or cinema or as a radio or television program	11	['message', 'content', 'subject_matter', 'substance']
word	3	we had a word or two about it	an exchange of views on some topic	11	['speech', 'speech_communication', 'spoken_communication', 'spoken_language', 'language', 'voice_communication', 'oral_communication']
landing	5	the plane made a smooth landing	the act of coming down to the earth (or other surface)	11	['arrival']
shot	5	he trained at putting the shot	sports equipment consisting of a heavy metal ball used in the shot put	11	['sports_equipment']
piano	10	Most of the works by Frédéric Chopin are for the piano .	a keyboard instrument that is played by depressing keys that cause hammers to strike tuned strings and produce sounds	11	['keyboard_instrument']
average	3	he is about average in height	an intermediate scale value regarded as normal or usual	11	['scale_value']
chemistry	1	The chemistry of indigo	the chemical composition and properties of a substance or object	11	['substance']
allowance	2	my weekly allowance of two eggs	an amount allowed or granted (as during a given period)	11	['share', 'portion', 'part', 'percentage']
effort	5	It took a lot of effort to find a decent - sized , fully - furnished apartment within walking distance of the office . He made a conscious effort to not appear affected by the stories in the paper .	use of physical or mental energy; hard work	11	['labor', 'labour', 'toil']
contradistinction	2	sculpture in contradistinction to painting	a distinction drawn on the basis of contrast	11	['differentiation', 'distinction']
system	5	that language has a complex system for indicating gender	a complex of methods or rules governing behavior	11	['method']
subsidy	1	a subsidy for research in artificial intelligence	a grant paid by a government to an enterprise that benefits the public	11	['grant']
instruction	2	Students receive instruction in the arts and sciences .	the activities of educating or instructing; activities that impart knowledge or skill	11	['activity']
save	7	the relief pitcher got credit for a save	(sports) the act of preventing the opposition from scoring	11	['prevention', 'bar']
holiday	4	Today is a Wiccan holiday !	a day on which work is suspended by law or custom	11	['day']
suit	1	what suit is trumps ?	playing card in any of four sets of 13 cards in a pack; each set has its own symbol and color	11	['playing_card']
border	6	the rug had a wide blue border	a strip forming the outer edge of something	11	['edge']
group	3	There is a group of houses behind the hill ; he left town to join a Communist group	any number of entities (members) considered as a unit	11	['abstraction', 'abstract_entity']
reverence	6	the French treat food with gentle reverence	a feeling of profound respect for someone or something	11	['emotion']
fondler	8	the woman charged that her jailer was a fondler	a molester who touches the intimate parts of the victim	11	['molester']
succession	1	a succession of failures	a group of people or things arranged or following in order	11	['series']
heartbeat	5	The policeman waited for a heartbeat in vain	the rhythmic contraction and expansion of the arteries with each beat of the heart	11	['periodic_event', 'recurrent_event']
path	1	the path of virtue	a course of conduct	11	['course', 'course_of_action']
efficiency	1	The efficiency of the planning department is deplorable .	skillfulness in avoiding wasted time and effort	11	['skillfulness']
show	1	a show of impatience	something intended to communicate a particular impression	11	['demonstration', 'demo']
sultriness	1	the sultriness of her look was unmistakable	the quality of expressing or arousing sexual desire	11	['sex_appeal', 'desirability', 'desirableness', 'oomph']
operation	4	they organized a rescue operation	a planned activity involving many people performing various actions	11	['activity']
spade	4	she led a low spade	a playing card in the major suit that has one or more black figures on it	11	['playing_card']
reality	1	the reality of his situation slowly dawned on him	the state of being actual or real	11	['actuality']
distribution	2	worldwide in distribution	the spatial or geographic property of being scattered about over a range, area, or volume	11	['spacing', 'spatial_arrangement']
officer	3	he is an officer of the court	someone who is appointed or elected to an office and who holds a position of trust	11	['holder']
earshot	10	I 'll row out on the lake but stay within earshot .	the range within which a voice can be heard	11	['range', 'reach']
connection	8	The bus was late so he missed his connection at Penn Station and had to wait six hours for the next train .	shifting from one form of transportation to another	11	['transportation', 'transport', 'transfer', 'transferral', 'conveyance']
bourne	6	" For though from out our bourne of Time and Place , The flood may bear me far , I hope to see my Pilot face to faceWhen I have crossed the bar .	an archaic term for a boundary	11	['boundary', 'bound', 'bounds']
militia	4	their troops were untrained militia	the entire body of physically fit civilians eligible by law for military service; ; --United States Constitution	11	['body']
canon	2	the neoclassical canon	a rule or especially body of rules or principles generally established as valid and fundamental in a field or art or philosophy	11	['rule', 'prescript']
exhibition	4	There was an art exhibition on in the town hall .	a collection of things (goods or works of art etc.) for public display	11	['collection', 'aggregation', 'accumulation', 'assemblage']
caller	4	- Who 's the caller ?	the person initiating a telephone call	11	['speaker', 'talker', 'utterer', 'verbalizer', 'verbaliser']
professionalization	1	the professionalization of warfare	the social process whereby people come to engage in an activity for pay or as a means of livelihood	11	['social_process']
department	5	his work established a new department of literature	a specialized sphere of knowledge	11	['sector', 'sphere']
draw	4	the luck of the draw	anything (straws or pebbles etc.) taken or chosen at random	11	['object', 'physical_object']
literature	11	one aspect of Waterloo has not yet been treated in the literature	published writings in a particular style on a particular subject	11	['writing', 'written_material', 'piece_of_writing']
arousal	3	To influence the arousal of brain and behavior	the act of arousing	11	['change_of_state']
knuckleball	8	Even the pitcher does n't know where his knuckleball is going .	a baseball pitch thrown with little speed or spin	11	['pitch', 'delivery']
month	4	he was given a month to pay the bill	a time unit of approximately 30 days	11	['time_unit', 'unit_of_time']
studio	1	His studio was cramped when he began as an artist .	workplace for the teaching or practice of an art	11	['workplace', 'work']
mainstream	6	his thinking was in the American mainstream	the prevailing current of thought	11	['thought']
kinship	2	anthropology 's kinship with the humanities	a close connection marked by community of interests or similarity in nature or character	11	['relation']
gown	5	the relations between town and gown are always sensitive	the members of a university as distinguished from the other residents of the town in which the university is located	11	['university']
abatement	1	The abatement of a nuisance is the suppression thereof .	the act of abating	11	['moderation', 'mitigation']
breed	5	he experimented on a particular breed of white rats	a special variety of domesticated animals within a species	11	['animal_group']
eccentricity	5	For an ellipse , the eccentricity is the ratio of the distance from the center to a focus divided by the length of the semi - major axis .	(geometry) a ratio describing the shape of a conic section; the ratio of the distance between the foci to the length of the major axis	11	['ratio']
breast	3	he beat his breast in anger	the front of the trunk from the neck to the abdomen	11	['external_body_part']
property	5	he is a man of property	something owned; any tangible or intangible possession that is owned by someone	11	['possession']
button	3	Pat pushed the button marked " shred " on the blender .	an electrical switch operated by pressing	11	['switch', 'electric_switch', 'electrical_switch']
military	1	their military is the largest in the region	the military forces of a nation	11	['force', 'personnel']
maneuver	4	he made a great maneuver	a deliberate coordinated movement requiring dexterity and skill	11	['motion', 'movement', 'move']
partnership	5	the action teams worked in partnership with the government	a cooperative relationship between people or groups who agree to share responsibility for achieving some specific goal	11	['relationship', 'human_relationship']
oppression	3	the tyrant 's oppression of the people	the act of subjugating by cruelty	11	['persecution']
torrent	7	the houses were swept away in the torrent	a violently fast stream of water (or other liquid)	11	['current', 'stream']
advantage	4	The enemy had the advantage of a more elevated position .	the quality of having a superior or more favorable position	11	['asset', 'plus']
tipper	2	a generous tipper	a person who leaves a tip	11	['donor', 'giver', 'presenter', 'bestower', 'conferrer']
snatch	2	Martin 's snatch at the bridle failed and the horse raced away	a small fragment	11	['fragment']
strand	1	a strand of pearls	a pattern forming a unity within a larger structural whole	11	['form', 'shape', 'pattern']
horse	2	A clothes horse ; a sawhorse	troops trained to fight on horseback	11	['military_personnel', 'soldiery', 'troops']
crop	2	the annual crop of students brings a new crop of ideas	the output of something in a season	11	['end_product', 'output']
part	5	the government must do its part	the extended spatial location of something	11	['location']
relief	4	he has been on relief for many years	(law) redress awarded by a court	11	['damages', 'amends', 'indemnity', 'indemnification', 'restitution', 'redress']
criticism	4	the senator received severe criticism from his opponent	a serious examination and judgment of something	11	['critical_appraisal', 'critical_analysis']
string	1	a string of islands	stringed instruments that are played with a bow	11	['stringed_instrument']
identity	2	A right identity , x * I = x for any x in the structure	the distinct personality of an individual regarded as a persisting entity	11	['personality']
trailer	1	The trailer for that movie makes it seem like it would be fun .	a large transport conveyance designed to be pulled by a truck or tractor	11	['conveyance', 'transport']
fuckup	6	You 've got to fire that fuckup .	an embarrassing mistake	11	['mistake', 'error', 'fault']
domesticity	4	making a hobby of domesticity	the quality of being domestic or domesticated	11	['quality']
facility	6	the assembly plant is an enormous facility	something designed and created to serve a particular function and to afford a particular convenience or service	11	['artifact', 'artefact']
conjecture	4	The physicist used his conjecture about subatomic particles to design an experiment .	a hypothesis that has been formed by speculating or conjecturing (usually with little hard evidence)	11	['hypothesis', 'possibility', 'theory']
right	2	take a right at the corner	(frequently plural) the interest possessed by law or custom in some intangible thing	11	['interest', 'stake']
footprint	5	the computer had a desktop footprint of 10 by 16 inches	a trace suggesting that something was once present or felt or otherwise important	11	['trace', 'vestige', 'tincture', 'shadow']
frame	2	A stocking frame ; a lace frame ; a spinning frame	the hard structure (bones and cartilages) that provides a frame for the body of an animal	11	['system']
view	6	they look the same in outward view	the visual percept of a region	11	['visual_percept', 'visual_image']
sequence	5	he played the trumps in sequence	a following of one thing after another in time	11	['temporal_arrangement', 'temporal_order']
plenty	2	there was plenty of food for everyone	(often followed by `of') a large number or amount or extent	11	['large_indefinite_quantity', 'large_indefinite_amount']
promulgation	1	the promulgation was written in English	the formal act of proclaiming; giving public notice	11	['act', 'deed', 'human_action', 'human_activity']
exile	3	He lived in exile .	a person who is expelled from home or country by authority	11	['foreigner', 'alien', 'noncitizen', 'outlander']
success	1	his success in the marathon was unexpected	an event that accomplishes its intended purpose	11	['happening', 'occurrence', 'occurrent', 'natural_event']
peak	1	the peak of perfection	the top or extreme point of something (usually a mountain or hill)	11	['topographic_point', 'place', 'spot']
problem	3	what 's the problem ?	a state of difficulty that needs to be resolved	11	['difficulty']
taste	11	to ask at that particular time was the ultimate in bad taste	a brief experience of something	11	['experience']
preparation	3	he left the preparation of meals to his wife	(music) a note that produces a dissonant chord is first heard in a consonant chord	11	['harmony', 'musical_harmony']
gap	0	gap between income and outgo	a pass between mountain peaks	11	['pass', 'mountain_pass', 'notch']
land	9	Maybe that 's how it works in TV - land , bu not in the real world .	territory over which rule or control is exercised	11	['region']
impregnation	1	the impregnation of wood with preservative	material with which something is impregnated	11	['material', 'stuff']
distance	6	I could see it in the distance	size of the gap between two places	11	['size']
rush	7	the linebackers were ready to stop a rush	a sudden burst of activity	11	['outburst', 'burst', 'flare-up']
death	5	the animal died a painful death	the absence of life or state of being dead	11	['state']
sensation	4	the news caused a sensation	an unelaborated elementary awareness of stimulation	11	['perception']
load	3	that 's a load off my mind	electrical device to which electrical power is delivered	11	['electrical_device']
cross	4	a mule is a cross between a horse and a donkey	any affliction that causes great suffering	11	['affliction']
scraping	4	all that bowing and scraping did not impress him	(usually plural) a fragment scraped off of something and collected	11	['fragment']
apology	3	it was an apology for a meal	a formal written defense of something you believe in strongly	11	['defense', 'defence', 'vindication']
beat	8	in the old days a policeman walked a beat and knew all his people by name	the rhythmic contraction and expansion of the arteries with each beat of the heart	11	['periodic_event', 'recurrent_event']
accession	0	accession to such demands would set a dangerous precedent	something added to what you already have	11	['acquisition']
assurance	1	an assurance of help when needed	freedom from doubt; belief in yourself and your abilities	11	['certainty']
vision	9	the runners emerged from the trees into his clear vision	a religious or mystical experience of a supernatural appearance	11	['experience']
closure	3	they regretted the closure of the day care center	something settled or resolved; the outcome of decision making	11	['decision_making', 'deciding']
dollar	4	he worships the almighty dollar	a United States coin worth one dollar	11	['coin']
twilight	9	I could just make out her face in the twilight .	the time of day immediately following sunset	11	['hour', 'time_of_day']
adhesion	1	the adhesion of Seville was decisive	the property of sticking together (as of glue and wood) or the joining of surfaces of different composition	11	['stickiness']
number	25	The word “ fifteen ” , the Arabic numeral “ 15 ” , and the Roman numeral “ XV ” are all numerals representing the number fifteen .	the property possessed by a sum or total or indefinite quantity of units or individuals	11	['amount']
god	3	he was a god among men	a material effigy that is worshipped	11	['effigy', 'image', 'simulacrum']
experience	2	a surprising experience	the accumulation of knowledge or skill that results from direct participation in events or activities	11	['education']
building	2	the entire building complained about the noise	the act of constructing something	11	['creating_from_raw_materials']
look	1	a look of triumph	the act of directing the eyes toward something and perceiving it visually	11	['sensing', 'perception']
delight	5	the new car is a delight	a feeling of extreme pleasure or satisfaction	11	['pleasure', 'pleasance']
activity	1	catalytic activity	any specific behavior	11	['act', 'deed', 'human_action', 'human_activity']
construction	5	The engineer marvelled at his construction .	the act of constructing something	11	['creating_from_raw_materials']
power	5	He needed a lot of power to hit the ball out of the stadium .	one possessing or exercising power or influence or authority	11	['causal_agent', 'cause', 'causal_agency']
response	4	this situation developed in response to events in Africa	a bodily process occurring due to the effect of some antecedent stimulus or agent	11	['bodily_process', 'body_process', 'bodily_function', 'activity']
drawing	1	the drawing of water from the well	a representation of forms or objects on a surface by means of lines	11	['representation']
char	10	“ Among other native delicacies , they give you fresh char . ”	a human female employed to do housework	11	['cleaner']
shadiness	4	there 's too much shadiness to take good photographs	of questionable honesty or legality	11	['unlawfulness']
nude	4	they swam in the nude	a painting of a naked human figure	11	['painting', 'picture']
detention	1	his detention was politically motivated	a punishment in which a student must stay at school after others have gone home	11	['punishment', 'penalty', 'penalization', 'penalisation']
parade	6	The floats and horses in the parade were impressive , but the marching bands were really amazing .	a visible display	11	['display', 'exhibit', 'showing']
portfolio	9	he remembered her because she was carrying a large portfolio	the role of the head of a government department	11	['function', 'office', 'part', 'role']
kick	1	the kick must be synchronized with the arm movements	the sudden stimulation provided by strong drink (or certain drugs)	11	['stimulation', 'stimulus', 'stimulant', 'input']
passage	2	the outward passage took 10 days	a section of text; particularly a section of medium length	11	['section', 'subdivision']
association	9	you can not be convicted of criminal guilt by association	a formal organization of people or groups of people	11	['organization', 'organisation']
acquaintance	9	I know of the man ; but have no acquaintance with him .	a person with whom you are acquainted	11	['person', 'individual', 'someone', 'somebody', 'mortal', 'soul']
deliberation	3	it was the deliberation of his act that was insulting	(usually plural) discussion of all sides of a question	11	['discussion', 'give-and-take', 'word']
foundation	3	he lacks the foundation necessary for advanced study	an institution supported by an endowment	11	['financial_institution', 'financial_organization', 'financial_organisation']
installation	8	he gave a speech as part of his installation into the hall of fame	the act of installing something (as equipment)	11	['beginning', 'start', 'commencement']
shtik	3	he 's a shtik crazy	(Yiddish) a devious trick; a bit of cheating	11	['trick', 'fast_one']
harbour	6	The city has an excellent natural harbour .	a place of refuge and comfort and security	11	['refuge', 'sanctuary', 'asylum']
nose	5	the hound has a good nose	a front that resembles a human nose (especially the front of an aircraft)	11	['front']
pencil	2	an eyebrow pencil	graphite (or a similar substance) used in such a way as to be a medium of communication	11	['graphite', 'black_lead', 'plumbago']
commission	9	The real - estate broker charged a four percent commission for their knowledge on bidding for commercial properties ; for their intellectual perspective on making a formal offer and the strategy to obtain a mutually satisfying deal with the seller in favour of the buyer .	a group of representatives or delegates	11	['organization', 'organisation']
denizen	5	The bald eagle is a denizen of the northern part of the state .	a person who inhabits a particular place	11	['person', 'individual', 'someone', 'somebody', 'mortal', 'soul']
base	9	he told the painter that he wanted a yellow base with just a hint of green	any of various water-soluble compounds capable of turning litmus blue and reacting with an acid to form a salt and water	11	['compound', 'chemical_compound']
growth	1	a growth of hair	a progression from simpler to more complex forms	11	['development', 'evolution']
drought	10	when England defeated Pakistan it ended a ten - year drought	a shortage of rainfall	11	['dryness', 'waterlessness', 'xerotes']
joy	1	a joy to behold	the emotion of great happiness	11	['emotion']
aliyah	2	students making aliyah	(Judaism) the honor of being called up to the reading desk in the synagogue to read from the Torah	11	['award', 'accolade', 'honor', 'honour', 'laurels']
capacity	2	limited runway capacity	a specified function	11	['function', 'office', 'part', 'role']
writing	0	writing was a form of therapy for him	(usually plural) the collected work of an author	11	['oeuvre', 'work', 'body_of_work']
sound	5	the main body of the sound ran parallel to the coast	the subjective sensation of hearing something	11	['sensation', 'esthesis', 'aesthesis', 'sense_experience', 'sense_impression', 'sense_datum']
easiness	2	the very easiness of the deed held her back	the quality of being easy in behavior or style	11	['behavior', 'behaviour', 'conduct', 'doings']
painting	2	a small painting by Picasso	the act of applying paint to a surface	11	['application', 'coating', 'covering']
go	3	it 's my go	a usually brief attempt	11	['attempt', 'effort', 'endeavor', 'endeavour', 'try']
tilt	3	the court 's tilt toward conservative rulings	the property possessed by a line or surface that departs from the vertical	11	['position', 'spatial_relation']
youth	0	youth everywhere rises in revolt	a young person (especially a young man or boy)	11	['juvenile', 'juvenile_person']
club	1	each club played six home games with teams in its own division	a spot that is open late at night and that provides entertainment (as singers or dancers) as well as dancing and food and drink	11	['spot']
board	2	room and board	a flat piece of material designed for a special purpose	11	['sheet', 'flat_solid']
embodiment	1	the embodiment of hope	a concrete representation of an otherwise nebulous concept	11	['concretism', 'concrete_representation']
crisis	6	they went bankrupt during the economic crisis	a crucial stage or turning point in the course of something	11	['juncture', 'occasion']
muscle	4	the senators used their muscle to get the party leader to resign	animal tissue consisting predominantly of contractile cells	11	['animal_tissue']
wish	3	he got his wish	(usually plural) a polite expression of desire for someone's welfare	11	['greeting', 'salutation']
influence	4	he was a bad influence on the children	a power to affect persons or events especially power based on prestige etc	11	['power', 'powerfulness']
stress	0	stress is a vasoconstrictor	the relative prominence of a syllable or musical note (especially with regard to stress or pitch)	11	['prosody', 'inflection']
heritage	3	the world 's heritage of knowledge	practices that are handed down from the past by tradition	11	['practice']
restraint	7	the room was simply decorated with great restraint	a device that retards something's motion	11	['device']
pity	3	it 's a pity he could n't do it	a feeling of sympathy and sorrow for the misfortunes of others	11	['sympathy', 'fellow_feeling']
dissipation	1	the dissipation of the mist	useless or profitless activity; using or expending or consuming thoughtlessly or carelessly	11	['activity']
intellect	4	he has a keen intellect	a person who uses the mind creatively	11	['person', 'individual', 'someone', 'somebody', 'mortal', 'soul']
induction	6	he was ordered to report for induction into the army	the act of bringing about something (especially at an early time)	11	['introduction', 'debut', 'first_appearance', 'launching', 'unveiling', 'entry']
grip	8	in Britain they call a bobby pin a grip	an intellectual hold or understanding	11	['influence']
terror	2	he used terror to make them confess	a person who inspires fear or dread	11	['person', 'individual', 'someone', 'somebody', 'mortal', 'soul']
danger	13	" Two territorial questions .. unsettled .. each of which was a positive danger to the peace of Europe " ( Times , 5 Sept. 3/2 ) .	a dangerous place	11	['area', 'country']
association	7	conditioning is a form of learning by association	a social or business relationship	11	['relationship']
blockage	3	There was a blockage in the sewer , so we called out the plumber .	an obstruction in a pipe or tube	11	['obstruction', 'obstructor', 'obstructer', 'impediment', 'impedimenta']
prohibition	5	they were restrained by a prohibition in their charter	a law forbidding the sale of alcoholic beverages	11	['law']
diet	1	The diet of the Giant Panda consists mainly of bamboo .	the act of restricting your food intake (or your intake of particular foods)	11	['fast', 'fasting']
fuzz	9	he tried to clear his head of the whisky fuzz	filamentous hairlike growth on a plant	11	['plant_process', 'enation']
scrap	7	the unhappy couple got into a terrible scrap	worthless material that is to be disposed of	11	['waste', 'waste_material', 'waste_matter', 'waste_product']
snap	3	the infielder 's snap and throw was a single motion	a fastener used on clothing; fastens with a snapping sound	11	['fastener', 'fastening', 'holdfast', 'fixing']
life	1	real life	animation and energy in action or expression	11	['animation', 'spiritedness', 'invigoration', 'brio', 'vivification']
setting	2	a place setting of sterling flatware	the physical position of something	11	['position', 'place']
sophistication	5	he practiced the art of sophistication upon reason	being expert or having knowledge of some technical subject	11	['expertness', 'expertise']
role	5	My neighbor was the lead role in last year 's village play .	the actions and activities assigned to or required or expected of a person or group	11	['duty']
square	10	the carpenter who built this room must have lost his square	the product of two equal terms	11	['number']
shot	6	the nurse gave him a flu shot	an informal photograph; usually made with a small hand-held camera	11	['photograph', 'photo', 'exposure', 'picture', 'pic']
largeness	6	the might have repercussions of unimaginable largeness	the capacity to understand a broad range of topics	11	['intelligence']
surface	10	it was not what it appeared to be on the surface	the outer boundary of an artifact or a material layer constituting or resembling such a boundary	11	['artifact', 'artefact']
agency	3	she has free agency	an administrative unit of government	11	['administrative_unit', 'administrative_body']
hour	3	we live an hour from the airport	a special and memorable period	11	['time_period', 'period_of_time', 'period']
agency	3	The superintendence and agency of Providence in the natural world . --Woodward .	an administrative unit of government	11	['administrative_unit', 'administrative_body']
breed	4	Google represents a new breed of entrepreneurs	a special variety of domesticated animals within a species	11	['animal_group']
tear	12	he took the manuscript in both hands and gave it a mighty tear	a drop of the clear salty saline solution secreted by the lacrimal glands	11	['drop', 'drib', 'driblet']
hostility	5	he could not conceal his hostility	the feeling of a hostile person	11	['hate', 'hatred']
middle	2	In the middle of the marathon , David collapsed from fatigue .	time between the beginning and the end of a temporal period	11	['point', 'point_in_time']
activity	3	the level of activity declines with age	the state of being active	11	['state']
hell	2	war is hell	any place of pain and turmoil	11	['region', 'part']
stab	3	he took a stab at forecasting	a sudden sharp feeling	11	['feeling']
cut	4	he played the first cut on the cd	the division of a deck of cards before dealing	11	['division']
barrage	1	a barrage of questions	the heavy fire of artillery to saturate an area rather than hit a specific target	11	['fire', 'firing']
breakdown	8	After so much stress , he suffered a breakdown and simply gave up .	the act of disrupting an established order so it fails to continue	11	['disruption', 'perturbation']
bottom	4	they started at the bottom of the hill	a cargo ship	11	['cargo_ship', 'cargo_vessel']
affiliation	3	a valuable financial affiliation	the act of becoming formally connected or joined	11	['association']
buzz	1	the buzz of excitement was so great that a formal denial was issued	sound of rapid vibration	11	['sound']
recognition	7	territorial disputes were resolved in Guatemala 's recognition of Belize in 1991	the state or quality of being recognized or acknowledged	11	['acceptance']
fire	3	Clinton directed his fire at the Republican Party	the event of something burning (often destructive)	11	['happening', 'occurrence', 'occurrent', 'natural_event']
fiefdom	3	The duke 's fiefdom had been greatly expanded as a reward for his dutiful military service on behalf of the king .	an organization that is controlled by a dominant person or group	11	['organization', 'organisation']
flowage	4	rock fracture and rock flowage are different types of geological deformation	a body of water that has been created by deliberately flooding an area	11	['body_of_water', 'water']
closeness	2	the sudden closeness of the dock sent him into action	a feeling of being intimate and belonging together	11	['belonging']
patronage	6	The restaurant had an upper class patronage .	the business given to a commercial establishment by its customers	11	['business']
attitude	10	The airliner had to land with a nose - up attitude after the incident .	a theatrical pose created for effect	11	['affectation', 'mannerism', 'pose', 'affectedness']
pull	4	it was a long pull but we made it	a sharp strain on muscles or ligaments	11	['injury', 'hurt', 'harm', 'trauma']
section	10	the history of this work is discussed in the next section	a small class of students who are part of a larger course but are taught separately	11	['class', 'form', 'grade', 'course']
dish	4	they served me a dish of rice	a piece of dishware normally used as a container for holding or serving food	11	['container']
shape	6	geometry is the mathematical science of shape	any spatial attributes (especially as defined by outline)	11	['spatial_property', 'spatiality']
spin	5	the campaign put a favorable spin on the story	a swift whirling motion (usually of a missile)	11	['rotation', 'revolution', 'gyration']
strip	15	You use strips of paper in papier mache . He welded together some pieces of strip .	a form of erotic entertainment in which a dancer gradually undresses to music	11	['nude_dancing']
meeting	3	there was no meeting of minds	a formally arranged gathering	11	['gathering', 'assemblage']
tremor	3	She felt a tremor in her stomach before going on stage .	a small earthquake	11	['earthquake', 'quake', 'temblor', 'seism']
acquisition	3	the child 's acquisition of language	something acquired	11	['transferred_property', 'transferred_possession']
confusion	4	the army retreated in confusion	a mental state characterized by a lack of clear and orderly thought and behavior	11	['cognitive_state', 'state_of_mind']
stripe	3	businessmen of every stripe joined in opposition to the proposal	V-shaped sleeve badge indicating military rank and service	11	['badge']
check	8	as he called the role he put a check mark by each student 's name	an appraisal of the state of affairs	11	['appraisal', 'assessment']
rise	6	they asked for a 10 % rise in rates	(theology) the origination of the Holy Spirit at Pentecost	11	['origin', 'origination', 'inception']
toilet	4	he made his morning toilet and went to breakfast	misfortune resulting in lost effort or money	11	['misfortune', 'bad_luck', 'tough_luck', 'ill_luck']
reappearance	1	the reappearance of Halley 's comet	the act of someone appearing again	11	['appearance']
transfer	1	the transfer of the music from record to tape suppressed much of the background noise	someone who transfers or is transferred from one position to another	11	['person', 'individual', 'someone', 'somebody', 'mortal', 'soul']
dig	7	they set up camp next to the dig	an aggressive remark directed at a person like a missile and intended to have a telling effect	11	['remark', 'comment', 'input']
profession	1	a profession of disagreement	an occupation requiring special education (especially in the liberal arts or sciences)	11	['occupation', 'business', 'job', 'line_of_work', 'line']
bang	3	he got a bang on the head	the swift release of a store of affective force	11	['exhilaration', 'excitement']
exchange	4	they had a bitter exchange	chemical process in which one atom or ion or group changes places with another	11	['chemical_phenomenon']
motivation	5	we did not understand his motivation	the condition of being motivated	11	['condition', 'status']
bang	12	When he struck it with a hammer , there was a loud bang .	a border of hair that is cut short and hangs across the forehead	11	['hairdo', 'hairstyle', 'hair_style', 'coiffure', 'coif']
care	5	he handled the vase with care	attention and management implying responsibility for safety	11	['protection']
break	2	Make a break for it	an unexpected piece of good luck	11	['accident', 'stroke', 'fortuity', 'chance_event']
help	3	there 's no help for it	the activity of contributing to the fulfillment of a need or furtherance of an effort or purpose	11	['activity']
policy	9	you should have read the small print on your policy	a plan of action adopted by an individual or social group	11	['plan_of_action']
street	4	be careful crossing the street	people living or working on the same street	11	['neighborhood', 'neighbourhood']
reinstatement	1	her reinstatement to her former office followed quickly	the act of restoring someone to a previous position	11	['restoration']
pressure	2	he used pressure to stop the bleeding	the somatic sensation that results from applying force to an area of skin	11	['somesthesia', 'somaesthesia', 'somatesthesia', 'somatic_sensation']
board	1	the board has seven members	a flat portable surface (usually rectangular) designed for board games	11	['surface']
wake	7	there 's no weeping at an Irish wake	the wave that spreads behind a boat as it moves forward	11	['wave', 'moving_ridge']
tool	3	He was a tool , no more than a pawn to her .	an implement used in the practice of a vocation	11	['implement']
kid	0	kid gloves	a human offspring (son or daughter) of any age	11	['offspring', 'progeny', 'issue']
gem	3	he had the gem set in a ring for his wife	a person who is as brilliant and precious as a piece of jewelry	11	['person', 'individual', 'someone', 'somebody', 'mortal', 'soul']
can	6	Could you tell me where I can find the restroom ?	the fleshy part of the human body that you sit on	11	['body_part']
mess	4	the house was a mess	(often followed by `of') a large number or amount or extent	11	['large_indefinite_quantity', 'large_indefinite_amount']
nut	7	He was driving his car like a nut .	one of the two male reproductive glands that produce spermatozoa and secrete androgens	11	['gonad', 'sex_gland']
dinner	7	guests should never be late to a dinner party	the main meal of the day served in the evening or at midday	11	['meal', 'repast']
attack	4	he published an unexpected attack on my work	a sudden occurrence of an uncontrollable condition	11	['affliction']
ticket	6	this car could be just the ticket for a small family	a list of candidates nominated by a political party to run for election to public offices	11	['list', 'listing']
catch	1	the catch was only 10 fish	anything that is caught (especially if it is worth catching)	11	['object', 'physical_object']
totality	3	appalled by the totality of the destruction	the quality of being complete and indiscriminate	11	['generality']
noise	15	He knew that it was trash day , when the garbage collectors made all the noise .	sound of any kind (especially unintelligible or dissonant sound)	11	['sound']
smoothness	11	the weather system of the Pacific is determined by the uninterrupted smoothness of the ocean	powerful and effective language	11	['expressive_style', 'style']
inadequacy	5	juvenile offenses often reflect an inadequacy in the parents	lack of an adequate quantity or number	11	['amount']
probation	0	probation is part of the sentencing process	a trial period during which an offender has time to redeem himself or herself	11	['trial_period', 'test_period']
delay	6	instant replay caused too long a delay	the act of delaying; inactivity resulting in something being put off until a later time	11	['inactivity']
